,EducationField,Mean_Income,Median_Income,Income_Range,Income_Stability
0,Human Resources,3441.0,3441.0,0.0,1.0
1,Life Sciences,8068.652433544805,7212.248717948718,15023.472222222223,6.656250866699331e-05
2,Marketing,4812.543452380953,4714.628571428571,4734.416666666668,0.0002112192631968035
3,Medical,7969.295772098559,6495.9958333333325,14890.54545454546,6.715670712349506e-05
4,Other,4333.284090909091,3830.0,2510.3977272727275,0.00039834325419278906
5,Technical Degree,5270.105390641104,3117.111111111111,6511.452380952378,0.00015357556832101688
